updated_at,created_at,commenter,pr_author,pr_id,comment_id,Code
2023-10-02 15:00:37-07:00,2023-10-02 15:00:37-07:00,kevin83,micheal66,18,1653581058,Approving
2023-10-02 15:01:24-07:00,2023-10-02 15:01:18-07:00,robert63,micheal66,18,1343207441,Approving
2023-10-02 15:01:24-07:00,2023-10-02 15:01:24-07:00,robert63,micheal66,18,1653581606,Empty
2023-10-02 15:04:01-07:00,2023-10-02 15:04:01-07:00,micheal66,kevin83,19,1653584237,Empty
2023-10-02 15:04:01-07:00,2023-10-02 15:04:01-07:00,micheal66,kevin83,19,1343209007,Approving
2023-10-02 15:04:06-07:00,2023-10-02 15:04:03-07:00,robert63,kevin83,19,1343209023,Approving
2023-10-02 15:04:06-07:00,2023-10-02 15:04:06-07:00,robert63,kevin83,19,1653584262,Empty
2023-10-02 15:04:10-07:00,2023-10-02 15:04:10-07:00,micheal66,kevin83,19,1653584384,Empty
2023-10-08 16:54:12-07:00,2023-10-08 16:54:12-07:00,robert63,eric33,27,1663629698,Updating
2023-10-08 17:12:34-07:00,2023-10-08 17:12:34-07:00,kevin83,eric33,27,1663633424,Updating
2023-10-09 14:58:43-07:00,2023-10-09 14:58:43-07:00,robert63,eric33,27,1665349713,Approving
2023-10-08 17:26:20-07:00,2023-10-08 17:26:20-07:00,kevin83,robert63,29,1663636031,Updating
2023-10-09 14:56:40-07:00,2023-10-09 14:56:40-07:00,micheal66,robert63,29,1665345394,Empty
2023-10-09 14:56:41-07:00,2023-10-09 14:56:40-07:00,micheal66,robert63,29,1350816901,Approving
2023-10-09 14:56:44-07:00,2023-10-09 14:56:44-07:00,micheal66,robert63,29,1665345521,Empty
2023-10-09 14:57:18-07:00,2023-10-09 14:57:12-07:00,eric33,robert63,29,1350817930,Updating
2023-10-09 14:57:18-07:00,2023-10-09 14:57:18-07:00,eric33,robert63,29,1665346670,Empty
2023-10-09 14:53:14-07:00,2023-10-09 14:53:14-07:00,lewiskelly,kevin83,32,1665341138,Criticizing
2023-10-09 14:53:14-07:00,2023-10-09 14:53:14-07:00,lewiskelly,kevin83,32,1665341138,Directing
2023-10-09 14:54:14-07:00,2023-10-09 14:54:14-07:00,robert63,kevin83,32,1665341877,Criticizing
2023-10-09 14:54:14-07:00,2023-10-09 14:54:14-07:00,robert63,kevin83,32,1665341877,Directing
2023-10-09 14:54:33-07:00,2023-10-09 14:54:27-07:00,eric33,kevin83,32,1350814467,Criticizing
2023-10-09 14:54:33-07:00,2023-10-09 14:54:27-07:00,eric33,kevin83,32,1350814467,Directing
2023-10-09 14:54:33-07:00,2023-10-09 14:54:33-07:00,eric33,kevin83,32,1665342055,Empty
2023-10-09 17:53:49-07:00,2023-10-09 17:53:49-07:00,robert63,kevin83,32,1665676982,Empty
2023-10-09 17:58:41-07:00,2023-10-09 17:58:41-07:00,micheal66,kevin83,32,1351095277,Complimenting
2023-10-09 17:58:41-07:00,2023-10-09 17:58:41-07:00,micheal66,kevin83,32,1351095277,Approving
2023-10-09 17:58:41-07:00,2023-10-09 17:58:41-07:00,micheal66,kevin83,32,1665693085,Empty
2023-10-09 17:58:50-07:00,2023-10-09 17:58:50-07:00,micheal66,kevin83,32,1665693784,Empty
2023-10-09 14:59:32-07:00,2023-10-09 14:59:32-07:00,robert63,lewiskelly,36,1665350991,Directing
2023-10-09 15:00:36-07:00,2023-10-09 15:00:33-07:00,eric33,lewiskelly,36,1350821602,Directing
2023-10-09 15:00:36-07:00,2023-10-09 15:00:36-07:00,eric33,lewiskelly,36,1665352381,Empty
2023-10-09 15:01:18-07:00,2023-10-09 15:01:18-07:00,micheal66,lewiskelly,36,1665353773,Empty
2023-10-09 15:01:18-07:00,2023-10-09 15:01:18-07:00,micheal66,lewiskelly,36,1350822894,Criticizing
2023-10-09 15:09:45-07:00,2023-10-09 15:09:45-07:00,robert63,lewiskelly,36,1665375435,Empty
2023-10-09 15:12:39-07:00,2023-10-09 15:12:39-07:00,eric33,lewiskelly,36,1665383620,Empty
2023-10-09 14:55:04-07:00,2023-10-09 14:55:04-07:00,lewiskelly,micheal66,37,1665342674,Approving
2023-10-09 14:57:47-07:00,2023-10-09 14:57:47-07:00,robert63,micheal66,37,1665347890,Updating
2023-10-09 15:03:22-07:00,2023-10-09 15:03:19-07:00,eric33,micheal66,37,1350827135,Directing
2023-10-09 15:03:22-07:00,2023-10-09 15:03:22-07:00,eric33,micheal66,37,1665358688,Empty
2023-10-09 15:08:54-07:00,2023-10-09 15:08:54-07:00,eric33,micheal66,37,1665373043,Empty
2023-10-21 18:32:09-07:00,2023-10-21 18:32:09-07:00,kevin83,micheal66,51,1691355233,Updating
2023-10-21 18:45:42-07:00,2023-10-21 18:45:42-07:00,robert63,micheal66,51,1691356022,Updating
2023-10-21 18:46:28-07:00,2023-10-21 18:46:28-07:00,robert63,kevin83,53,1691356072,Updating
2023-10-21 18:49:52-07:00,2023-10-21 18:49:52-07:00,micheal66,kevin83,53,1691356271,Empty
2023-10-21 18:49:53-07:00,2023-10-21 18:49:52-07:00,micheal66,kevin83,53,1367821567,Updating
2023-10-21 18:49:53-07:00,2023-10-21 18:49:52-07:00,micheal66,kevin83,53,1367821567,Approving
2023-10-21 18:49:56-07:00,2023-10-21 18:49:56-07:00,micheal66,kevin83,53,1691356275,Empty
2023-10-21 21:15:22-07:00,2023-10-21 21:15:22-07:00,eric33,lewiskelly,54,1691367927,Updating
2023-10-21 21:15:22-07:00,2023-10-21 21:15:22-07:00,eric33,lewiskelly,54,1691367927,Approving
2023-10-21 21:24:31-07:00,2023-10-21 21:24:31-07:00,micheal66,lewiskelly,54,1367834202,Approving
2023-10-21 21:24:31-07:00,2023-10-21 21:24:31-07:00,micheal66,lewiskelly,54,1691368384,Empty
2023-10-21 21:24:34-07:00,2023-10-21 21:24:34-07:00,micheal66,lewiskelly,54,1691368389,Empty
2023-10-21 21:36:00-07:00,2023-10-21 21:36:00-07:00,kevin83,lewiskelly,54,1691369048,Updating
2023-10-23 14:35:46-07:00,2023-10-23 14:35:46-07:00,eric33,robert63,58,1693559682,Updating
2023-10-23 14:35:46-07:00,2023-10-23 14:35:46-07:00,eric33,robert63,58,1693559682,Directing
2023-10-23 15:00:23-07:00,2023-10-23 15:00:23-07:00,kevin83,robert63,58,1693585159,Criticizing
2023-10-23 14:36:17-07:00,2023-10-23 14:36:17-07:00,robert63,eric33,61,1693560254,Updating
2023-10-23 18:56:40-07:00,2023-10-23 18:56:40-07:00,eric33,robert63,62,1693804998,Updating
2023-10-23 18:59:37-07:00,2023-10-23 18:59:36-07:00,micheal66,robert63,62,1369462995,Updating
2023-10-23 18:59:37-07:00,2023-10-23 18:59:36-07:00,micheal66,robert63,62,1369462995,Updating
2023-10-23 18:59:37-07:00,2023-10-23 18:59:37-07:00,micheal66,robert63,62,1693806917,Empty
2023-10-23 18:59:43-07:00,2023-10-23 18:59:43-07:00,micheal66,robert63,62,1693806991,Empty
2023-10-23 20:53:29-07:00,2023-10-23 20:53:29-07:00,micheal66,eric33,64,1693995384,Updating
2023-10-23 20:53:29-07:00,2023-10-23 20:53:29-07:00,micheal66,eric33,64,1693995384,Approving
2023-10-23 21:48:09-07:00,2023-10-23 21:48:09-07:00,robert63,eric33,64,1694026733,Updating
2023-11-06 14:48:05-08:00,2023-11-06 14:48:05-08:00,lewiskelly,robert63,84,1716470096,Directing
2023-11-12 17:45:14-08:00,2023-11-12 17:45:14-08:00,kevin83,robert63,97,1726436961,Updating
2023-11-12 17:46:56-08:00,2023-11-12 17:46:56-08:00,micheal66,robert63,97,1726437807,Approving
2023-11-12 18:15:00-08:00,2023-11-12 18:15:00-08:00,robert63,eric33,100,1726453282,Updating
2023-11-12 18:21:03-08:00,2023-11-12 18:21:03-08:00,micheal66,eric33,100,1726456669,Updating
2023-11-26 21:05:21-08:00,2023-11-26 21:05:21-08:00,eric33,robert63,115,1749611340,Directing
2023-11-26 21:05:21-08:00,2023-11-26 21:05:21-08:00,eric33,robert63,115,1749611340,Approving
2023-11-26 21:08:11-08:00,2023-11-26 21:08:11-08:00,lewiskelly,robert63,115,1749613096,Criticizing
2023-11-26 21:08:11-08:00,2023-11-26 21:08:11-08:00,lewiskelly,robert63,115,1749613096,Explaining
2023-11-26 21:37:04-08:00,2023-11-26 21:37:04-08:00,micheal66,eric33,121,1749634295,Approving
2023-11-26 21:39:48-08:00,2023-11-26 21:39:48-08:00,kevin83,eric33,121,1749636160,Updating
2023-11-26 21:40:08-08:00,2023-11-26 21:40:08-08:00,robert63,eric33,121,1749636420,Approving
2023-11-26 21:40:17-08:00,2023-11-26 21:40:17-08:00,lewiskelly,eric33,121,1749636512,Approving
2023-11-26 21:39:50-08:00,2023-11-26 21:39:50-08:00,lewiskelly,micheal66,122,1749636192,Approving
2023-11-26 21:40:18-08:00,2023-11-26 21:40:18-08:00,kevin83,micheal66,122,1749636517,Updating
2023-11-26 21:40:50-08:00,2023-11-26 21:40:50-08:00,robert63,micheal66,122,1749636900,Approving
2023-11-27 14:26:13-08:00,2023-11-27 14:26:13-08:00,micheal66,eric33,133,1751517620,Approving
2023-11-27 14:27:21-08:00,2023-11-27 14:27:21-08:00,robert63,eric33,133,1751520704,Updating
2023-11-27 14:28:04-08:00,2023-11-27 14:28:04-08:00,lewiskelly,eric33,133,1751522717,Updating
2023-11-27 14:28:04-08:00,2023-11-27 14:28:04-08:00,lewiskelly,eric33,133,1751522717,Approving
2023-11-27 14:28:42-08:00,2023-11-27 14:28:42-08:00,kevin83,eric33,133,1751524311,Updating
2023-11-28 12:42:24-08:00,2023-11-28 12:42:24-08:00,micheal66,eric33,134,1753898304,Approving
2023-11-28 12:44:03-08:00,2023-11-28 12:44:03-08:00,lewiskelly,eric33,134,1753900552,Approving
2023-11-28 12:44:03-08:00,2023-11-28 12:44:03-08:00,lewiskelly,eric33,134,1753900552,Complimenting
2023-12-01 13:27:04-08:00,2023-12-01 13:27:04-08:00,micheal66,robert63,135,1760588321,Approving
2023-12-01 13:36:37-08:00,2023-12-01 13:36:37-08:00,kevin83,robert63,135,1760599642,Updating
2023-12-01 13:53:42-08:00,2023-12-01 13:53:42-08:00,lewiskelly,robert63,135,1760617584,Approving
2023-12-01 19:27:15-08:00,2023-12-01 19:27:15-08:00,lewiskelly,robert63,138,1760770039,Approving
2023-12-01 19:27:15-08:00,2023-12-01 19:27:15-08:00,lewiskelly,robert63,138,1760770039,Complimenting
2023-12-02 18:19:08-08:00,2023-12-02 18:19:08-08:00,kevin83,robert63,138,1761005880,Approving
2023-12-02 18:21:23-08:00,2023-12-02 18:21:23-08:00,micheal66,robert63,138,1761005993,Directing
2023-12-02 18:21:23-08:00,2023-12-02 18:21:23-08:00,micheal66,robert63,138,1761005993,Approving
2023-12-02 18:44:19-08:00,2023-12-02 18:44:19-08:00,robert63,micheal66,141,1761007917,Updating
2023-12-02 18:44:46-08:00,2023-12-02 18:44:46-08:00,kevin83,micheal66,141,1761007960,Updating
2023-12-02 19:47:29-08:00,2023-12-02 19:47:29-08:00,lewiskelly,robert63,142,1761059001,Approving
2023-12-02 19:52:05-08:00,2023-12-02 19:52:05-08:00,micheal66,robert63,142,1761069919,Approving
2023-12-02 23:32:37-08:00,2023-12-02 23:32:37-08:00,robert63,lewiskelly,144,1761148855,Updating
2023-12-02 23:34:30-08:00,2023-12-02 23:34:30-08:00,eric33,lewiskelly,144,1761149060,Approving
2023-12-02 23:34:30-08:00,2023-12-02 23:34:30-08:00,eric33,lewiskelly,144,1761149060,Criticizing
2023-12-03 03:42:06-08:00,2023-12-03 03:42:06-08:00,kevin83,eric33,146,1761187530,Updating
2023-12-03 03:42:06-08:00,2023-12-03 03:42:06-08:00,kevin83,eric33,146,1761187530,Approving
2023-12-03 07:20:24-08:00,2023-12-03 07:20:24-08:00,robert63,eric33,146,1761282484,Updating
2023-12-03 07:20:24-08:00,2023-12-03 07:20:24-08:00,robert63,eric33,146,1761282484,Approving
2023-12-03 20:34:11-08:00,2023-12-03 20:34:11-08:00,kevin83,eric33,157,1761575972,Updating
2023-12-03 20:34:16-08:00,2023-12-03 20:34:16-08:00,micheal66,eric33,157,1761576019,Approving
2023-12-03 20:35:38-08:00,2023-12-03 20:35:38-08:00,lewiskelly,eric33,157,1761576779,Approving
2023-12-03 20:54:58-08:00,2023-12-03 20:54:58-08:00,eric33,lewiskelly,158,1761589318,Updating
2023-12-03 20:55:23-08:00,2023-12-03 20:55:23-08:00,kevin83,lewiskelly,158,1761592479,Updating
2023-12-03 21:03:44-08:00,2023-12-03 21:03:44-08:00,robert63,micheal66,159,1761606571,Updating
2023-12-03 21:04:01-08:00,2023-12-03 21:04:01-08:00,kevin83,micheal66,159,1761606762,Updating
2023-12-03 21:39:15-08:00,2023-12-03 21:39:15-08:00,robert63,eric33,161,1761633239,Updating
2023-12-03 21:39:38-08:00,2023-12-03 21:39:38-08:00,micheal66,eric33,161,1761633522,Apologizing
2023-12-07 12:45:32-08:00,2023-12-07 12:45:32-08:00,lewiskelly,eric33,168,1771102147,Approving
2023-12-07 12:45:32-08:00,2023-12-07 12:45:32-08:00,lewiskelly,eric33,168,1771102147,Approving
2023-12-07 12:48:31-08:00,2023-12-07 12:48:31-08:00,robert63,eric33,168,1771106112,Updating
2023-12-07 13:18:30-08:00,2023-12-07 13:18:30-08:00,robert63,eric33,170,1771146861,Updating
2023-12-07 13:19:58-08:00,2023-12-07 13:19:58-08:00,lewiskelly,eric33,170,1771148809,Updating
2023-12-07 13:19:58-08:00,2023-12-07 13:19:58-08:00,lewiskelly,eric33,170,1771148809,Approving
2024-01-18 21:56:57-08:00,2024-01-18 21:56:57-08:00,kevin83,robert63,185,1831625575,Updating
2024-01-21 13:36:41-08:00,2024-01-21 13:36:41-08:00,lewiskelly,robert63,192,1835456194,Approving
2024-01-21 13:36:41-08:00,2024-01-21 13:36:41-08:00,lewiskelly,robert63,192,1835456194,Updating
2024-01-21 14:42:12-08:00,2024-01-21 14:42:12-08:00,eric33,robert63,192,1835470753,Criticizing
2024-01-21 15:53:08-08:00,2024-01-21 15:53:08-08:00,kevin83,robert63,192,1835483979,Updating
2024-01-21 16:08:54-08:00,2024-01-21 16:08:54-08:00,robert63,micheal66,194,1835488191,Approving
2024-01-21 16:09:42-08:00,2024-01-21 16:09:42-08:00,kevin83,micheal66,194,1835488513,Approving
2024-01-21 19:09:37-08:00,2024-01-21 19:09:37-08:00,robert63,eric33,197,1835576681,Updating
2024-01-21 19:11:18-08:00,2024-01-21 19:11:18-08:00,micheal66,eric33,197,1835579429,Approving
2024-01-21 19:28:17-08:00,2024-01-21 19:28:17-08:00,lewiskelly,eric33,197,1835588495,Updating
2024-01-21 19:33:05-08:00,2024-01-21 19:33:05-08:00,kevin83,eric33,197,1835591054,Updating
2024-01-23 13:17:49-08:00,2024-01-23 13:17:49-08:00,lewiskelly,eric33,212,1839948632,Approving
2024-01-23 13:18:03-08:00,2024-01-23 13:18:03-08:00,kevin83,eric33,212,1839948942,Updating
2024-01-23 13:18:05-08:00,2024-01-23 13:18:05-08:00,robert63,eric33,212,1839948978,Updating
2024-01-23 13:18:05-08:00,2024-01-23 13:18:05-08:00,robert63,eric33,212,1839948978,Approving
2024-01-27 16:08:15-08:00,2024-01-27 16:08:15-08:00,kevin83,micheal66,213,1847338248,Updating
2024-01-27 18:29:47-08:00,2024-01-27 18:29:47-08:00,robert63,micheal66,213,1847363718,Updating
2024-01-27 18:30:03-08:00,2024-01-27 18:30:03-08:00,lewiskelly,micheal66,213,1847363734,Updating
2024-01-27 18:37:02-08:00,2024-01-27 18:37:02-08:00,eric33,robert63,216,1847368896,Updating
2024-01-27 19:39:17-08:00,2024-01-27 19:39:17-08:00,robert63,eric33,217,1847377843,Updating
2024-01-27 19:45:51-08:00,2024-01-27 19:45:51-08:00,kevin83,eric33,217,1847378305,Updating
2024-01-28 21:25:31-08:00,2024-01-28 21:25:31-08:00,kevin83,robert63,227,1847852293,Updating
2024-01-28 21:26:19-08:00,2024-01-28 21:26:19-08:00,micheal66,robert63,227,1847852895,Updating
2024-01-28 21:26:19-08:00,2024-01-28 21:26:19-08:00,micheal66,robert63,227,1847852895,Updating
2024-01-28 21:58:04-08:00,2024-01-28 21:58:04-08:00,robert63,eric33,229,1847879905,Approving
2024-01-28 21:58:04-08:00,2024-01-28 21:58:04-08:00,robert63,eric33,229,1847879905,Updating
2024-01-28 21:58:21-08:00,2024-01-28 21:58:21-08:00,kevin83,eric33,229,1847880146,Updating
2024-01-28 21:59:30-08:00,2024-01-28 21:59:30-08:00,micheal66,eric33,229,1847881136,Approving
2024-01-28 22:14:26-08:00,2024-01-28 22:14:26-08:00,eric33,kevin83,235,1847896314,Updating
2024-01-28 22:20:03-08:00,2024-01-28 22:20:03-08:00,lewiskelly,kevin83,235,1847903831,Approving
2024-01-29 01:23:42-08:00,2024-01-29 01:23:42-08:00,robert63,eric33,237,1848185713,Updating
2024-01-29 11:49:17-08:00,2024-01-29 11:49:17-08:00,micheal66,eric33,237,1849632745,Approving
2024-01-29 14:42:08-08:00,2024-01-29 14:42:08-08:00,lewiskelly,eric33,238,1849910694,Updating
2024-01-29 17:14:18-08:00,2024-01-29 17:14:18-08:00,kevin83,eric33,238,1850059366,Updating
2024-01-29 19:31:48-08:00,2024-01-29 19:31:48-08:00,lewiskelly,eric33,242,1850166912,Updating
2024-01-29 19:31:48-08:00,2024-01-29 19:31:48-08:00,lewiskelly,eric33,242,1850166912,Approving
2024-01-29 23:49:33-08:00,2024-01-29 23:49:33-08:00,kevin83,eric33,243,1850428851,Updating
2024-01-30 01:00:41-08:00,2024-01-30 01:00:41-08:00,robert63,eric33,243,1850562169,Updating
2024-02-04 19:26:32-08:00,2024-02-04 19:26:32-08:00,robert63,kevin83,245,1861831695,Updating
2024-02-10 20:47:12-08:00,2024-02-10 20:47:12-08:00,lewiskelly,kevin83,245,1874302372,Updating
2024-02-10 20:47:19-08:00,2024-02-10 20:47:19-08:00,micheal66,kevin83,245,1874302383,Approving
2024-02-06 15:30:54-08:00,2024-02-06 15:30:54-08:00,kevin83,micheal66,262,1866507322,Updating
2024-02-10 20:47:40-08:00,2024-02-10 20:47:40-08:00,lewiskelly,micheal66,262,1874302410,Updating
2024-02-10 21:00:21-08:00,2024-02-10 21:00:21-08:00,robert63,micheal66,262,1874303227,Approving
2024-02-11 21:08:17-08:00,2024-02-11 21:08:17-08:00,robert63,kevin83,273,1874551279,Approving
2024-02-11 21:15:39-08:00,2024-02-11 21:15:39-08:00,lewiskelly,kevin83,273,1874554546,Updating
2024-02-11 21:25:18-08:00,2024-02-11 21:25:18-08:00,kevin83,lewiskelly,274,1874559618,Approving
2024-02-11 21:26:18-08:00,2024-02-11 21:26:18-08:00,micheal66,lewiskelly,274,1874560154,Approving
2024-02-11 21:26:41-08:00,2024-02-11 21:26:41-08:00,robert63,lewiskelly,274,1874560350,Updating
2024-02-12 14:08:17-08:00,2024-02-12 14:08:17-08:00,eric33,micheal66,275,1876441806,Approving
2024-02-18 19:27:03-08:00,2024-02-18 19:27:03-08:00,robert63,micheal66,275,1887489342,Approving
2024-02-18 15:33:50-08:00,2024-02-18 15:33:50-08:00,robert63,eric33,276,1887361228,Updating
2024-02-18 18:30:47-08:00,2024-02-18 18:30:47-08:00,kevin83,eric33,276,1887452269,Updating
2024-02-18 19:34:01-08:00,2024-02-18 19:34:01-08:00,kevin83,robert63,282,1887495863,Updating
2024-02-18 21:09:08-08:00,2024-02-18 21:09:08-08:00,micheal66,robert63,282,1887562717,Approving
2024-02-18 22:42:50-08:00,2024-02-18 22:42:50-08:00,robert63,kevin83,285,1887660597,Approving
2024-02-25 21:14:49-08:00,2024-02-25 21:14:49-08:00,micheal66,kevin83,285,1899968662,Approving
2024-02-25 22:52:25-08:00,2024-02-25 22:52:25-08:00,kevin83,robert63,287,1900063411,Updating
2024-02-25 22:55:14-08:00,2024-02-25 22:55:14-08:00,micheal66,robert63,287,1900066633,Approving
2024-03-03 18:02:59-08:00,2024-03-03 18:02:59-08:00,robert63,kevin83,290,1913261973,Approving
2024-03-03 18:35:05-08:00,2024-03-03 18:35:05-08:00,micheal66,kevin83,290,1913281739,Approving
2024-03-03 19:23:51-08:00,2024-03-03 19:23:51-08:00,kevin83,micheal66,292,1913317044,Updating
2024-03-03 19:26:00-08:00,2024-03-03 19:26:00-08:00,robert63,micheal66,292,1913318198,Updating
2024-03-03 19:41:29-08:00,2024-03-03 19:41:29-08:00,kevin83,robert63,295,1913326754,Approving
2024-03-03 19:42:57-08:00,2024-03-03 19:42:57-08:00,lewiskelly,robert63,295,1913327560,Approving
2024-03-03 19:42:57-08:00,2024-03-03 19:42:57-08:00,lewiskelly,robert63,295,1913327560,Complimenting
2024-03-03 19:52:07-08:00,2024-03-03 19:52:07-08:00,lewiskelly,eric33,297,1913332385,Updating
2024-03-03 19:52:07-08:00,2024-03-03 19:52:07-08:00,lewiskelly,eric33,297,1913332385,Approving
2024-03-03 20:51:41-08:00,2024-03-03 20:51:41-08:00,lewiskelly,eric33,299,1913370183,Approving
2024-03-03 20:51:41-08:00,2024-03-03 20:51:41-08:00,lewiskelly,eric33,299,1913370183,Complimenting
2024-03-03 20:57:21-08:00,2024-03-03 20:57:21-08:00,eric33,lewiskelly,301,1913374003,Updating
2024-03-03 20:57:21-08:00,2024-03-03 20:57:21-08:00,eric33,lewiskelly,301,1913374003,Approving
2024-03-03 20:57:21-08:00,2024-03-03 20:57:21-08:00,eric33,lewiskelly,301,1913374003,Complimenting
2024-03-03 21:13:10-08:00,2024-03-03 21:13:10-08:00,kevin83,lewiskelly,301,1913385665,Approving
2024-03-10 21:36:04-07:00,2024-03-10 21:36:04-07:00,kevin83,eric33,304,1926919118,Updating
2024-03-10 21:36:55-07:00,2024-03-10 21:36:55-07:00,kevin83,eric33,305,1926919582,Updating
2024-03-10 21:23:14-07:00,2024-03-10 21:23:14-07:00,micheal66,robert63,312,1926910630,Updating
2024-03-10 21:33:15-07:00,2024-03-10 21:33:15-07:00,kevin83,robert63,312,1926917506,Updating
2024-03-10 21:52:51-07:00,2024-03-10 21:52:51-07:00,robert63,kevin83,315,1926929757,Updating
2024-03-12 12:45:45-07:00,2024-03-12 12:45:45-07:00,eric33,kevin83,315,1932240733,Directing
2024-03-17 19:18:34-07:00,2024-03-17 19:18:34-07:00,kevin83,lewiskelly,319,1941867572,Approving
2024-03-17 20:05:03-07:00,2024-03-17 20:05:03-07:00,micheal66,lewiskelly,319,1941902443,Approving
2024-03-17 20:41:20-07:00,2024-03-17 20:41:20-07:00,robert63,eric33,320,1941923001,Updating
2024-03-17 20:45:32-07:00,2024-03-17 20:45:32-07:00,kevin83,eric33,320,1941925287,Updating
2024-03-17 20:39:29-07:00,2024-03-17 20:39:29-07:00,eric33,robert63,323,1941921933,Updating
2024-03-17 20:39:45-07:00,2024-03-17 20:39:45-07:00,eric33,robert63,323,1941922064,Approving
2024-03-17 21:17:14-07:00,2024-03-17 21:17:14-07:00,micheal66,robert63,323,1941944570,Updating
2024-03-17 21:58:31-07:00,2024-03-17 21:58:31-07:00,robert63,kevin83,328,1941979831,Approving
2024-03-17 21:58:59-07:00,2024-03-17 21:58:59-07:00,eric33,kevin83,328,1941980195,Approving
2024-03-17 21:57:45-07:00,2024-03-17 21:57:45-07:00,robert63,micheal66,330,1941979193,Approving
2024-03-17 21:58:16-07:00,2024-03-17 21:58:16-07:00,eric33,micheal66,330,1941979613,Updating
2024-03-17 21:58:16-07:00,2024-03-17 21:58:16-07:00,eric33,micheal66,330,1941979613,Approving
2024-03-19 12:50:51-07:00,2024-03-19 12:50:51-07:00,micheal66,lewiskelly,332,1947243874,Updating
2024-03-24 19:57:07-07:00,2024-03-24 19:57:07-07:00,lewiskelly,robert63,336,1956796919,Approving
2024-03-24 19:59:16-07:00,2024-03-24 19:59:16-07:00,kevin83,robert63,336,1956798213,Updating
2024-03-24 18:56:47-07:00,2024-03-24 18:56:47-07:00,robert63,micheal66,337,1956758324,Approving
2024-03-24 19:44:30-07:00,2024-03-24 19:44:30-07:00,kevin83,micheal66,337,1956789012,Updating
2024-03-24 20:00:51-07:00,2024-03-24 20:00:51-07:00,lewiskelly,kevin83,340,1956799183,Approving
2024-03-24 20:25:33-07:00,2024-03-24 20:25:33-07:00,micheal66,kevin83,340,1956813539,Approving
2024-03-24 21:21:12-07:00,2024-03-24 21:21:12-07:00,robert63,lewiskelly,341,1956845768,Approving
2024-03-24 21:24:22-07:00,2024-03-24 21:24:22-07:00,kevin83,lewiskelly,341,1956847638,Approving
2024-03-31 17:30:22-07:00,2024-03-31 17:30:22-07:00,kevin83,lewiskelly,347,1970515828,Approving
2024-03-31 17:47:48-07:00,2024-03-31 17:47:48-07:00,eric33,lewiskelly,347,1970520234,Approving
2024-03-31 17:47:48-07:00,2024-03-31 17:47:48-07:00,eric33,lewiskelly,347,1970520234,Updating
2024-03-31 17:49:35-07:00,2024-03-31 17:49:35-07:00,robert63,lewiskelly,347,1970520683,Approving
2024-03-31 16:28:18-07:00,2024-03-31 16:28:18-07:00,kevin83,eric33,350,1970505416,Updating
2024-03-31 17:30:32-07:00,2024-03-31 17:30:32-07:00,micheal66,eric33,350,1970515859,Approving
2024-03-31 17:32:11-07:00,2024-03-31 17:32:11-07:00,robert63,eric33,350,1970516239,Approving
2024-03-31 17:40:32-07:00,2024-03-31 17:40:32-07:00,robert63,micheal66,354,1970518290,Updating
2024-03-31 17:41:35-07:00,2024-03-31 17:41:35-07:00,kevin83,micheal66,354,1970518590,Approving
2024-03-31 17:48:37-07:00,2024-03-31 17:48:37-07:00,lewiskelly,micheal66,354,1970520417,Approving
2024-03-31 18:39:48-07:00,2024-03-31 18:39:48-07:00,lewiskelly,robert63,357,1970537917,Approving
2024-03-31 18:50:06-07:00,2024-03-31 18:50:06-07:00,micheal66,robert63,357,1970542214,Approving
2024-03-31 18:50:57-07:00,2024-03-31 18:50:57-07:00,micheal66,lewiskelly,358,1970542588,Approving
2024-03-31 19:35:07-07:00,2024-03-31 19:35:07-07:00,kevin83,lewiskelly,358,1970564884,Approving
2024-04-02 13:05:31-07:00,2024-04-02 13:05:31-07:00,eric33,kevin83,359,1974925721,Approving
2024-04-04 17:06:53-07:00,2024-04-04 17:06:53-07:00,micheal66,kevin83,359,1981425435,Approving
2024-04-02 13:06:12-07:00,2024-04-02 13:06:12-07:00,eric33,lewiskelly,363,1974926717,Updating
2024-04-05 14:09:25-07:00,2024-04-05 14:09:25-07:00,micheal66,lewiskelly,363,1984182436,Approving
2024-04-05 14:10:56-07:00,2024-04-05 14:10:56-07:00,micheal66,kevin83,364,1984184124,Approving
2024-04-05 14:19:49-07:00,2024-04-05 14:19:49-07:00,lewiskelly,kevin83,364,1984194077,Approving
2024-04-06 17:49:32-07:00,2024-04-06 17:49:32-07:00,kevin83,eric33,368,1984780264,Updating
2024-04-06 20:50:44-07:00,2024-04-06 20:50:44-07:00,lewiskelly,kevin83,370,1984838148,Approving
2024-04-06 21:17:46-07:00,2024-04-06 21:17:46-07:00,kevin83,eric33,371,1984840792,Approving
2024-04-06 21:19:40-07:00,2024-04-06 21:19:40-07:00,robert63,eric33,371,1984840984,Updating
2024-04-06 21:21:15-07:00,2024-04-06 21:21:15-07:00,lewiskelly,eric33,371,1984841124,Approving
2024-04-07 00:28:40-07:00,2024-04-07 00:28:40-07:00,micheal66,kevin83,373,1984866997,Approving
2024-04-07 10:55:42-07:00,2024-04-07 10:55:42-07:00,lewiskelly,kevin83,373,1985140792,Approving
2024-04-07 13:33:54-07:00,2024-04-07 13:33:54-07:00,kevin83,micheal66,374,1985248024,Updating
2024-04-07 15:14:20-07:00,2024-04-07 15:14:20-07:00,lewiskelly,micheal66,374,1985261343,Updating
2024-04-07 16:20:02-07:00,2024-04-07 16:20:02-07:00,kevin83,micheal66,375,1985272839,Updating
2024-04-07 16:20:17-07:00,2024-04-07 16:20:17-07:00,lewiskelly,micheal66,375,1985272887,Approving
2024-04-07 18:21:46-07:00,2024-04-07 18:21:46-07:00,micheal66,kevin83,376,1985314191,Approving
2024-04-07 18:24:03-07:00,2024-04-07 18:24:03-07:00,lewiskelly,kevin83,376,1985315304,Approving
